{
  "rows": [
    {
      "index": "FLAT",
      "region": "vectors",
      "kind": "vectors",
      "bucket": "recall_relevant",
      "bit_position_tag": "exponent",
      "region_bits": 4096000000,
      "n_samples": 249,
      "mean_dRecall@10": 4.819277108411802e-07,
      "p99_dRecall@10": 9.99999999995449e-06,
      "max_dRecall@10": 9.99999999995449e-06,
      "mean_dRecall@1": 0.0,
      "mean_dRecall@100": 4.4176706828178284e-07,
      "mean_dTol": 8.032128514019671e-08,
      "pct_benign": 100.0,
      "pct_catastrophic": 0.0,
      "ci95_low": 2.140649901135084e-07,
      "ci95_high": 7.49790431568852e-07,
      "n_clean": 237,
      "n_silent_wrong": 12,
      "n_nan_inf": 0,
      "n_crash": 0,
      "seed": 1234
    },
    {
      "index": "FLAT",
      "region": "vectors",
      "kind": "vectors",
      "bucket": "recall_relevant",
      "bit_position_tag": "mantissa-high",
      "region_bits": 4096000000,
      "n_samples": 463,
      "mean_dRecall@10": 2.159827213813065e-08,
      "p99_dRecall@10": 0.0,
      "max_dRecall@10": 9.99999999995449e-06,
      "mean_dRecall@1": 0.0,
      "mean_dRecall@100": 1.2958963283310009e-08,
      "mean_dTol": 0.0,
      "pct_benign": 100.0,
      "pct_catastrophic": 0.0,
      "ci95_low": -2.0844752058409125e-08,
      "ci95_high": 6.404129633467042e-08,
      "n_clean": 462,
      "n_silent_wrong": 1,
      "n_nan_inf": 0,
      "n_crash": 0,
      "seed": 1234
    },
    {
      "index": "FLAT",
      "region": "vectors",
      "kind": "vectors",
      "bucket": "recall_relevant",
      "bit_position_tag": "mantissa-low",
      "region_bits": 4096000000,
      "n_samples": 250,
      "mean_dRecall@10": 0.0,
      "p99_dRecall@10": 0.0,
      "max_dRecall@10": 0.0,
      "mean_dRecall@1": 0.0,
      "mean_dRecall@100": 0.0,
      "mean_dTol": 0.0,
      "pct_benign": 100.0,
      "pct_catastrophic": 0.0,
      "ci95_low": 0.0,
      "ci95_high": 0.0,
      "n_clean": 250,
      "n_silent_wrong": 0,
      "n_nan_inf": 0,
      "n_crash": 0,
      "seed": 1234
    },
    {
      "index": "FLAT",
      "region": "vectors",
      "kind": "vectors",
      "bucket": "recall_relevant",
      "bit_position_tag": "sign",
      "region_bits": 4096000000,
      "n_samples": 38,
      "mean_dRecall@10": 2.631578947356445e-07,
      "p99_dRecall@10": 6.299999999971354e-06,
      "max_dRecall@10": 9.99999999995449e-06,
      "mean_dRecall@1": 0.0,
      "mean_dRecall@100": 2.8947368421300706e-07,
      "mean_dTol": 0.0,
      "pct_benign": 100.0,
      "pct_catastrophic": 0.0,
      "ci95_low": -2.700506481643262e-07,
      "ci95_high": 7.963664376356152e-07,
      "n_clean": 37,
      "n_silent_wrong": 1,
      "n_nan_inf": 0,
      "n_crash": 0,
      "seed": 1234
    },
    {
      "index": "HNSW",
      "region": "vectors",
      "kind": "vectors",
      "bucket": "recall_relevant",
      "bit_position_tag": "exponent",
      "region_bits": 4096000000,
      "n_samples": 232,
      "mean_dRecall@10": 2.586206896516027e-07,
      "p99_dRecall@10": 9.99999999995449e-06,
      "max_dRecall@10": 2.0000000000020002e-05,
      "mean_dRecall@1": 0.0,
      "mean_dRecall@100": 3.9655172413641343e-07,
      "mean_dTol": 8.620689655276745e-08,
      "pct_benign": 100.0,
      "pct_catastrophic": 0.0,
      "ci95_low": -5.8061187243904245e-08,
      "ci95_high": 5.753025665471096e-07,
      "n_clean": 224,
      "n_silent_wrong": 8,
      "n_nan_inf": 0,
      "n_crash": 0,
      "seed": 1234
    },
    {
      "index": "HNSW",
      "region": "vectors",
      "kind": "vectors",
      "bucket": "recall_relevant",
      "bit_position_tag": "mantissa-high",
      "region_bits": 4096000000,
      "n_samples": 471,
      "mean_dRecall@10": 0.0,
      "p99_dRecall@10": 0.0,
      "max_dRecall@10": 0.0,
      "mean_dRecall@1": 0.0,
      "mean_dRecall@100": 2.123142250591838e-09,
      "mean_dTol": 0.0,
      "pct_benign": 100.0,
      "pct_catastrophic": 0.0,
      "ci95_low": 0.0,
      "ci95_high": 0.0,
      "n_clean": 471,
      "n_silent_wrong": 0,
      "n_nan_inf": 0,
      "n_crash": 0,
      "seed": 1234
    },
    {
      "index": "HNSW",
      "region": "vectors",
      "kind": "vectors",
      "bucket": "recall_relevant",
      "bit_position_tag": "mantissa-low",
      "region_bits": 4096000000,
      "n_samples": 250,
      "mean_dRecall@10": 0.0,
      "p99_dRecall@10": 0.0,
      "max_dRecall@10": 0.0,
      "mean_dRecall@1": 0.0,
      "mean_dRecall@100": 0.0,
      "mean_dTol": 0.0,
      "pct_benign": 100.0,
      "pct_catastrophic": 0.0,
      "ci95_low": 0.0,
      "ci95_high": 0.0,
      "n_clean": 250,
      "n_silent_wrong": 0,
      "n_nan_inf": 0,
      "n_crash": 0,
      "seed": 1234
    },
    {
      "index": "HNSW",
      "region": "vectors",
      "kind": "vectors",
      "bucket": "recall_relevant",
      "bit_position_tag": "sign",
      "region_bits": 4096000000,
      "n_samples": 47,
      "mean_dRecall@10": 0.0,
      "p99_dRecall@10": 0.0,
      "max_dRecall@10": 0.0,
      "mean_dRecall@1": 0.0,
      "mean_dRecall@100": 1.9148936170290972e-07,
      "mean_dTol": 0.0,
      "pct_benign": 100.0,
      "pct_catastrophic": 0.0,
      "ci95_low": 0.0,
      "ci95_high": 0.0,
      "n_clean": 47,
      "n_silent_wrong": 0,
      "n_nan_inf": 0,
      "n_crash": 0,
      "seed": 1234
    },
    {
      "index": "HNSW_SQ8",
      "region": "codes",
      "kind": "codes",
      "bucket": "recall_relevant",
      "bit_position_tag": "sq8_b0",
      "region_bits": 1024000064,
      "n_samples": 125,
      "mean_dRecall@10": 0.0,
      "p99_dRecall@10": 0.0,
      "max_dRecall@10": 0.0,
      "mean_dRecall@1": 0.0,
      "mean_dRecall@100": 0.0,
      "mean_dTol": 0.0,
      "pct_benign": 100.0,
      "pct_catastrophic": 0.0,
      "ci95_low": 0.0,
      "ci95_high": 0.0,
      "n_clean": 125,
      "n_silent_wrong": 0,
      "n_nan_inf": 0,
      "n_crash": 0,
      "seed": 1234
    },
    {
      "index": "HNSW_SQ8",
      "region": "codes",
      "kind": "codes",
      "bucket": "recall_relevant",
      "bit_position_tag": "sq8_b1",
      "region_bits": 1024000064,
      "n_samples": 125,
      "mean_dRecall@10": 0.0,
      "p99_dRecall@10": 0.0,
      "max_dRecall@10": 0.0,
      "mean_dRecall@1": 0.0,
      "mean_dRecall@100": 0.0,
      "mean_dTol": 0.0,
      "pct_benign": 100.0,
      "pct_catastrophic": 0.0,
      "ci95_low": 0.0,
      "ci95_high": 0.0,
      "n_clean": 125,
      "n_silent_wrong": 0,
      "n_nan_inf": 0,
      "n_crash": 0,
      "seed": 1234
    },
    {
      "index": "HNSW_SQ8",
      "region": "codes",
      "kind": "codes",
      "bucket": "recall_relevant",
      "bit_position_tag": "sq8_b2",
      "region_bits": 1024000064,
      "n_samples": 125,
      "mean_dRecall@10": 0.0,
      "p99_dRecall@10": 0.0,
      "max_dRecall@10": 0.0,
      "mean_dRecall@1": 0.0,
      "mean_dRecall@100": 4.800000000049209e-08,
      "mean_dTol": 0.0,
      "pct_benign": 100.0,
      "pct_catastrophic": 0.0,
      "ci95_low": 0.0,
      "ci95_high": 0.0,
      "n_clean": 125,
      "n_silent_wrong": 0,
      "n_nan_inf": 0,
      "n_crash": 0,
      "seed": 1234
    },
    {
      "index": "HNSW_SQ8",
      "region": "codes",
      "kind": "codes",
      "bucket": "recall_relevant",
      "bit_position_tag": "sq8_b3",
      "region_bits": 1024000064,
      "n_samples": 125,
      "mean_dRecall@10": 0.0,
      "p99_dRecall@10": 0.0,
      "max_dRecall@10": 0.0,
      "mean_dRecall@1": 0.0,
      "mean_dRecall@100": 1.6000000000460092e-08,
      "mean_dTol": 0.0,
      "pct_benign": 100.0,
      "pct_catastrophic": 0.0,
      "ci95_low": 0.0,
      "ci95_high": 0.0,
      "n_clean": 125,
      "n_silent_wrong": 0,
      "n_nan_inf": 0,
      "n_crash": 0,
      "seed": 1234
    },
    {
      "index": "HNSW_SQ8",
      "region": "codes",
      "kind": "codes",
      "bucket": "recall_relevant",
      "bit_position_tag": "sq8_b4",
      "region_bits": 1024000064,