index,B_bits,n_trials,p_collapse,mean_dR@10,p99_dR@10,max_dR@10,n_crash,n_nan_inf,n_silent_wrong,n_clean,region_hits,baseline_mode,aligned_worstcase,seed
IVF_PQ_M8,1,50,0.0,0.0,0.0,0.0,0,0,0,50,"{""pq_codebook"": 50}",own,True,1234
IVF_PQ_M8,8,50,0.0,0.0,0.0,0.0,0,0,0,50,"{""pq_codebook"": 50}",own,True,1234
IVF_PQ_M8,64,50,0.0,0.00042000000000003146,0.00042000000000003146,0.00042000000000003146,0,0,50,0,"{""pq_codebook"": 50}",own,True,1234
IVF_PQ_M8,512,50,0.0,0.0006300000000000194,0.0006300000000000194,0.0006300000000000194,0,0,50,0,"{""pq_codebook"": 50}",own,True,1234
IVF_PQ_M8,1024,50,0.0,0.0012300000000000644,0.0012300000000000644,0.0012300000000000644,0,0,50,0,"{""pq_codebook"": 50}",own,True,1234
IVF_PQ_M8,8192,50,0.0,0.006269999999999998,0.006269999999999998,0.006269999999999998,0,0,50,0,"{""pq_codebook"": 50}",own,True,1234
IVF_PQ_M8,65536,50,0.0,0.04242000000000006,0.04242000000000007,0.04242000000000007,0,0,50,0,"{""pq_codebook"": 50}",own,True,1234
IVF_PQ_M8,262144,50,0.0,0.15403000000000006,0.15403000000000006,0.15403000000000006,0,0,50,0,"{""pq_codebook"": 50}",own,True,1234
