{
  "IVF_FLAT": {
    "centroid": {
      "min": 0.0,
      "max": 154.0,
      "q01": 0.7848502993583679,
      "q99": 120.3554916381836,
      "n": 131072,
      "byte_start": 98,
      "byte_len": 524288
    }
  },
  "IVF_SQ8": {
    "centroid": {
      "min": 0.0,
      "max": 154.0,
      "q01": 0.7848502993583679,
      "q99": 120.3554916381836,
      "n": 131072,
      "byte_start": 98,
      "byte_len": 524288
    },
    "sq_scale": {
      "min": -122.98114013671875,
      "max": 258.2191162109375,
      "q01": -120.60612487792969,
      "q99": 254.07012939453125,
      "n": 256,
      "byte_start": 524431,
      "byte_len": 1024
    }
  },
  "IVF_PQ_M8": {
    "centroid": {
      "min": 0.0,
      "max": 154.0,
      "q01": 0.7848502993583679,
      "q99": 120.3554916381836,
      "n": 131072,
      "byte_start": 98,
      "byte_len": 524288
    },
    "pq_codebook": {
      "min": -61.71980667114258,
      "max": 98.50515747070312,
      "q01": -40.28120422363281,
      "q99": 62.64539337158203,
      "n": 32768,
      "byte_start": 524436,
      "byte_len": 131072
    }
  },
  "IVF_PQ_M16": {
    "centroid": {
      "min": 0.0,
      "max": 154.0,
      "q01": 0.7848502993583679,
      "q99": 120.3554916381836,
      "n": 131072,
      "byte_start": 98,
      "byte_len": 524288
    },
    "pq_codebook": {
      "min": -76.56684112548828,
      "max": 104.388671875,
      "q01": -46.83397674560547,
      "q99": 71.31004333496094,
      "n": 32768,
      "byte_start": 524436,
      "byte_len": 131072
    }
  },
  "HNSW_SQ8": {
    "sq_scale": {
      "min": 0.0,
      "max": 197.0,
      "q01": 0.0,
      "q99": 197.0,
      "n": 256,
      "byte_start": 272129534,
      "byte_len": 1024
    }
  }
}