index,kind,quant,knob,knob_value,clean_recall@1,clean_recall@10,clean_recall@100,tolerant_recall@10,serialized_bytes,serialized_MB,bytes_per_vector,target_met,build_seconds,n_regions
FLAT,exact,,,,1.0,1.0,1.0,1.0,512000045,512.000045,512.000045,True,4.76837158203125e-07,2
IVF_FLAT,ivf,,nprobe,21,0.9704,0.95114,0.911519,0.98829,520532619,520.532619,520.532619,True,1.224677562713623,3
IVF_SQ8,ivf,sq8,nprobe,24,0.9596,0.95053,0.923027,0.99142,136533688,136.533688,136.533688,True,1.2994129657745361,4
IVF_PQ_M8,ivf,pq,nprobe,96,0.2891,0.37926000000000004,0.46515500000000004,0.42269,16663732,16.663732,16.663732,False,3.514784574508667,4
IVF_PQ_M16,ivf,pq,nprobe,128,0.4666,0.563,0.63837,0.62513,24663732,24.663732,24.663732,False,1.8075838088989258,4
HNSW,graph,,efSearch,36,0.9728,0.95171,0.809828,0.9915,784129506,784.129506,784.129506,True,42.345000982284546,3
HNSW_SQ8,graph,sq8,efSearch,40,0.9646,0.95136,0.8287260000000001,0.99333,400130566,400.130566,400.130566,True,22.721322536468506,3
