{
  "meta": {
    "dataset": "SIFT1M",
    "n_base": 1000000,
    "dim": 128,
    "n_query": 10000,
    "faiss_version": "1.14.2",
    "seed": 1234,
    "k": 10,
    "operating_point": 0.95,
    "target_band": [
      0.945,
      0.955
    ],
    "epsilon_tolerant": 0.02,
    "nlist": 1024,
    "M": 32,
    "efConstruction": 200,
    "refine_enabled": false,
    "smoke": false
  },
  "indexes": [
    {
      "index": "FLAT",
      "kind": "exact",
      "quant": null,
      "knob": null,
      "knob_value": null,
      "clean_recall@1": 1.0,
      "clean_recall@10": 1.0,
      "clean_recall@100": 1.0,
      "tolerant_recall@10": 1.0,
      "serialized_bytes": 512000045,
      "serialized_MB": 512.000045,
      "bytes_per_vector": 512.000045,
      "target_met": true,
      "build_seconds": 4.76837158203125e-07,
      "n_regions": 2,
      "tuning_curve": []
    },
    {
      "index": "IVF_FLAT",
      "kind": "ivf",
      "quant": null,
      "knob": "nprobe",
      "knob_value": 21,
      "clean_recall@1": 0.9704,
      "clean_recall@10": 0.95114,
      "clean_recall@100": 0.911519,
      "tolerant_recall@10": 0.98829,
      "serialized_bytes": 520532619,
      "serialized_MB": 520.532619,
      "bytes_per_vector": 520.532619,
      "target_met": true,
      "build_seconds": 1.224677562713623,
      "n_regions": 3,
      "tuning_curve": [
        [
          1,
          0.39771999999999996
        ],
        [
          2,
          0.5534399999999999
        ],
        [
          4,
          0.70835
        ],
        [
          8,
          0.83729
        ],
        [
          16,
          0.9272600000000001
        ],
        [
          24,
          0.9605499999999999
        ],
        [
          20,
          0.9475
        ],
        [
          22,
          0.95461
        ],
        [
          21,
          0.95114
        ]
      ]
    },
    {
      "index": "IVF_SQ8",
      "kind": "ivf",
      "quant": "sq8",
      "knob": "nprobe",
      "knob_value": 24,
      "clean_recall@1": 0.9596,
      "clean_recall@10": 0.95053,
      "clean_recall@100": 0.923027,
      "tolerant_recall@10": 0.99142,
      "serialized_bytes": 136533688,
      "serialized_MB": 136.533688,
      "bytes_per_vector": 136.533688,
      "target_met": true,
      "build_seconds": 1.2994129657745361,
      "n_regions": 4,
      "tuning_curve": [
        [
          1,
          0.39716999999999997
        ],
        [
          2,
          0.5522199999999999
        ],
        [
          4,
          0.7058099999999999
        ],
        [
          8,
          0.83249
        ],
        [
          16,
          0.91931
        ],
        [
          24,
          0.95053
        ],
        [
          20,
          0.9383900000000001
        ],
        [
          22,
          0.94505
        ],
        [
          23,
          0.94791
        ]
      ]
    },
    {
      "index": "IVF_PQ_M8",
      "kind": "ivf",
      "quant": "pq",
      "knob": "nprobe",
      "knob_value": 96,
      "clean_recall@1": 0.2891,
      "clean_recall@10": 0.37926000000000004,
      "clean_recall@100": 0.46515500000000004,
      "tolerant_recall@10": 0.42269,
      "serialized_bytes": 16663732,
      "serialized_MB": 16.663732,
      "bytes_per_vector": 16.663732,
      "target_met": false,
      "build_seconds": 3.514784574508667,
      "n_regions": 4,
      "tuning_curve": [
        [
          1,
          0.25518
        ],
        [
          2,
          0.30844
        ],
        [
          4,
          0.3463
        ],
        [
          8,
          0.36616
        ],
        [
          16,
          0.37568999999999997
        ],
        [
          24,
          0.3776
        ],
        [
          32,
          0.37845
        ],
        [
          48,
          0.37894
        ],
        [
          64,
          0.37917999999999996
        ],
        [
          96,
          0.37926000000000004
        ],
        [
          128,
          0.37926000000000004
        ]
      ]
    },
    {
      "index": "IVF_PQ_M16",
      "kind": "ivf",
      "quant": "pq",
      "knob": "nprobe",
      "knob_value": 128,
      "clean_recall@1": 0.4666,
      "clean_recall@10": 0.563,
      "clean_recall@100": 0.63837,
      "tolerant_recall@10": 0.62513,
      "serialized_bytes": 24663732,
      "serialized_MB": 24.663732,
      "bytes_per_vector": 24.663732,
      "target_met": false,
      "build_seconds": 1.8075838088989258,
      "n_regions": 4,
      "tuning_curve": [
        [
          1,
          0.32477999999999996
        ],
        [
          2,
          0.41522
        ],
        [
          4,
          0.48589000000000004
        ],
        [
          8,
          0.529
        ],
        [
          16,
          0.5513600000000001
        ],
        [
          24,
          0.55741
        ],
        [
          32,
          0.56025
        ],
        [
          48,
          0.56196
        ],
        [
          64,
          0.5626800000000001
        ],
        [
          96,
          0.56296
        ],
        [
          128,
          0.563
        ]
      ]
    },
    {
      "index": "HNSW",
      "kind": "graph",
      "quant": null,
      "knob": "efSearch",
      "knob_value": 36,
      "clean_recall@1": 0.9728,
      "clean_recall@10": 0.95171,
      "clean_recall@100": 0.809828,
      "tolerant_recall@10": 0.9915,
      "serialized_bytes": 784129506,
      "serialized_MB": 784.129506,
      "bytes_per_vector": 784.129506,
      "target_met": true,
      "build_seconds": 42.345000982284546,
      "n_regions": 3,
      "tuning_curve": [
        [
          16,
          0.85943
        ],
        [
          32,
          0.94221
        ],
        [
          48,
          0.9700900000000001
        ],
        [
          40,
          0.95906
        ],
        [
          36,
          0.95164
        ],
        [
          34,
          0.94709
        ],
        [
          35,
          0.9496499999999999
        ]
      ]
    },
    {
      "index": "HNSW_SQ8",
      "kind": "graph",
      "quant": "sq8",
      "knob": "efSearch",
      "knob_value": 40,
      "clean_recall@1": 0.9646,
      "clean_recall@10": 0.95136,
      "clean_recall@100": 0.8287260000000001,
      "tolerant_recall@10": 0.99333,
      "serialized_bytes": 400130566,
      "serialized_MB": 400.130566,
      "bytes_per_vector": 400.130566,
      "target_met": true,
      "build_seconds": 22.721322536468506,
      "n_regions": 3,
      "tuning_curve": [
        [
          16,
          0.85444
        ],
        [
          32,
          0.9353400000000001
        ],
        [
          48,
          0.96126
        ],
        [
          40,
          0.9512700000000001
        ],
        [
          36,
          0.94411
        ],
        [
          38,
          0.9480299999999999
        ],
        [
          39,
          0.94987
        ]
      ]
    }
  ]
}